#1ofthemillion,#Women,#Renishaw,#Engineering
#1ofthemillion,#WomenInSTEM
#IIT,#1ofTheMillion,#class,#WomenInSTEM,#blackintheivory
#1ofthemillion,#inwed2020
#UK,#STEM,#1ofTheMillion
#1ofthemillion
#1ofthemillion,#STEM,#BristolUniArchive
#WomenInScience,#1ofthemillion,#STEM
#1ofthemillion
#INwx
#INwx
#INwx,#Indy
#13Weather,#INwx
#kywx,#inwx
#INwx
#INwx
#INwx
#INwx
#INwx
#newx,#wywx
#KSwx,#NEwx
#newx
#newx
#newx
#newx
#newx
#NEwx
#newx,#iawx
#lufc,#ChampionshipLeague,#efl
#Bundesliga,#Dortmund,#ligue1conforama,#hakimi,#ChampionshipLeague
#ChampionshipLeague,#Liverpool
#ChampionshipLeague
#PremierLeague,#SoccerAid,#CrystalPalace,#soccer,#football,#ChampionshipLeague
#RobboCop,#RonJeremyMedal,#3Votes,#Headwobble,#ChampionshipLeague
#PremierLeague,#EPL,#ChampionshipLeague,#LeedsUnited
#LaLiga,#ChampionshipLeague
#premierleague,#LaLiga,#ChampionshipLeague,#Arsenal
#colleges,#Tech,#Virginia,#Hokies,#athletics
#Hokies
#Hokies
#Hokies
#Hokies
#Hokies
#gotiges
#gotiges
#AFLTigersHawks,#gotiges
#goTiges
#gotiges
#GoTiges,#AFLTigersHawks,#FLASH,#AFL
#GoTiges
#gotiges
#gotiges
#AFL,#gotiges
#Twug
#twug
#loveeternal,#BHLove,#Twug,#lovetheshitoutofyou,#Love2All
#TWUG
#twug
#TWUG
#TWUG
#TWUG
#lovetheshitouttayou,#BhLove,#Twug,#Loveeternal,#Love2all
#FilthyRichHomeless
#FilthyRichHomeless
#filthyrichhomeless
#FilthyRichHomeless
#HYBPA,#FilthyRichHomeless
#FilthyRichHomeless
#FilthyRichHomeless
#HYBPA,#FilthyRichHomeless
#effort,#homelessness,#Homeless,#FilthyRichHomeless
#FilthyRichHomeless,#everybodyshome
#RikMayall
#overseasaid,#ToryBritain,#DFID,#aid,#HumanityFirst,#SaveDFID,#alanbstard,#RikMayall
#Blackadder,#RikMayall
#ToryBritain,#AlanBstard,#RikMayall
#lockdownextended,#bottom,#rikmayall
#badnews,#rikmayall
#AdeEdmondson,#RichardRichard,#Bottom,#RichieandEddie,#WearemenofScience,#EdwardHitler,#RikMayall,#Hammersmith
#Bottom,#RikMayall
#Blackadder,#Comedy,#RikMayall
#rikmayall
#BBAU
#bbau
#BBAU
#BBAU
#BBAU,#ANGELA
#BBAU
#BBAU,#BB15
#BBAU
#BBAU
#bbau
#1ofthemillion,#Women,#Renishaw,#Engineering
#1ofthemillion,#WomenInSTEM
#IIT,#1ofTheMillion,#class,#WomenInSTEM,#blackintheivory
#1ofthemillion,#inwed2020
#UK,#STEM,#1ofTheMillion
#1ofthemillion
#1ofthemillion,#STEM,#BristolUniArchive
#WomenInScience,#1ofthemillion,#STEM
#1ofthemillion
#INwx
#INwx
#INwx,#Indy
#13Weather,#INwx
#kywx,#inwx
#INwx
#INwx
#INwx
#INwx
#INwx
#newx,#wywx
#KSwx,#NEwx
#newx
#newx
#newx
#newx
#newx
#NEwx
#newx,#iawx
#ManchesterCity,#Brazil,#Bundesliga,#PremierLeague,#coronaviruskenya,#EnglishNEWS,#Liverpool,#PrimeraIberdrola,#arsenal,#ManchesterUnited,#football,#ChampionshipLeague,#Covid_19,#LaLigaSantander
#lufc,#ChampionshipLeague,#efl
#Bundesliga,#Dortmund,#ligue1conforama,#hakimi,#ChampionshipLeague
#ChampionshipLeague,#Liverpool
#ChampionshipLeague
#PremierLeague,#SoccerAid,#CrystalPalace,#soccer,#football,#ChampionshipLeague
#RobboCop,#RonJeremyMedal,#3Votes,#Headwobble,#ChampionshipLeague
#PremierLeague,#EPL,#ChampionshipLeague,#LeedsUnited
#LaLiga,#ChampionshipLeague
#colleges,#Tech,#Virginia,#Hokies,#athletics
#Hokies
#Hokies
#Hokies
#Hokies
#Hokies
#gotiges
#gotiges
#AFLTigersHawks,#gotiges
#goTiges
#gotiges
#GoTiges,#AFLTigersHawks,#FLASH,#AFL
#GoTiges
#gotiges
#gotiges
#AFL,#gotiges
#Twug
#twug
#loveeternal,#BHLove,#Twug,#lovetheshitoutofyou,#Love2All
#TWUG
#twug
#TWUG
#TWUG
#TWUG
#lovetheshitouttayou,#BhLove,#Twug,#Loveeternal,#Love2all
#FilthyRichHomeless
#FilthyRichHomeless
#filthyrichhomeless
#FilthyRichHomeless
#HYBPA,#FilthyRichHomeless
#FilthyRichHomeless
#FilthyRichHomeless
#HYBPA,#FilthyRichHomeless
#effort,#homelessness,#Homeless,#FilthyRichHomeless
#FilthyRichHomeless,#everybodyshome
#RikMayall
#overseasaid,#ToryBritain,#DFID,#aid,#HumanityFirst,#SaveDFID,#alanbstard,#RikMayall
#Blackadder,#RikMayall
#ToryBritain,#AlanBstard,#RikMayall
#lockdownextended,#bottom,#rikmayall
#badnews,#rikmayall
#AdeEdmondson,#RichardRichard,#Bottom,#RichieandEddie,#WearemenofScience,#EdwardHitler,#RikMayall,#Hammersmith
#Bottom,#RikMayall
#Blackadder,#Comedy,#RikMayall
#rikmayall
#BBAU
#bbau
#BBAU
#BBAU
#BBAU,#ANGELA
#BBAU
#BBAU,#BB15
#BBAU
#BBAU
#bbau
#1ofthemillion,#Women,#Renishaw,#Engineering
#1ofthemillion,#WomenInSTEM
#IIT,#1ofTheMillion,#class,#WomenInSTEM,#blackintheivory
#1ofthemillion,#inwed2020
#UK,#STEM,#1ofTheMillion
#1ofthemillion
#1ofthemillion,#STEM,#BristolUniArchive
#WomenInScience,#1ofthemillion,#STEM
#1ofthemillion
#INwx
#INwx
#INwx,#Indy
#13Weather,#INwx
#kywx,#inwx
#INwx
#INwx
#INwx
#INwx
#INwx
#newx,#wywx
#KSwx,#NEwx
#newx
#newx
#newx
#newx
#newx
#NEwx
#newx,#iawx
#ManchesterCity,#Brazil,#Bundesliga,#PremierLeague,#coronaviruskenya,#EnglishNEWS,#Liverpool,#PrimeraIberdrola,#arsenal,#ManchesterUnited,#football,#ChampionshipLeague,#Covid_19,#LaLigaSantander
#lufc,#ChampionshipLeague,#efl
#Bundesliga,#Dortmund,#ligue1conforama,#hakimi,#ChampionshipLeague
#ChampionshipLeague,#Liverpool
#ChampionshipLeague
#PremierLeague,#SoccerAid,#CrystalPalace,#soccer,#football,#ChampionshipLeague
#RobboCop,#RonJeremyMedal,#3Votes,#Headwobble,#ChampionshipLeague
#PremierLeague,#EPL,#ChampionshipLeague,#LeedsUnited
#LaLiga,#ChampionshipLeague
#colleges,#Tech,#Virginia,#Hokies,#athletics
#Hokies
#Hokies
#Hokies
#Hokies
#Hokies
#gotiges
#gotiges
#AFLTigersHawks,#gotiges
#goTiges
#gotiges
#GoTiges,#AFLTigersHawks,#FLASH,#AFL
#GoTiges
#gotiges
#gotiges
#AFL,#gotiges
#Twug
#twug
#loveeternal,#BHLove,#Twug,#lovetheshitoutofyou,#Love2All
#TWUG
#twug
#TWUG
#TWUG
#TWUG
#lovetheshitouttayou,#BhLove,#Twug,#Loveeternal,#Love2all
#FilthyRichHomeless
#FilthyRichHomeless
#filthyrichhomeless
#FilthyRichHomeless
#HYBPA,#FilthyRichHomeless
#FilthyRichHomeless
#FilthyRichHomeless
#HYBPA,#FilthyRichHomeless
#effort,#homelessness,#Homeless,#FilthyRichHomeless
#FilthyRichHomeless,#everybodyshome
#RikMayall
#overseasaid,#ToryBritain,#DFID,#aid,#HumanityFirst,#SaveDFID,#alanbstard,#RikMayall
#Blackadder,#RikMayall
#ToryBritain,#AlanBstard,#RikMayall
#lockdownextended,#bottom,#rikmayall
#badnews,#rikmayall
#AdeEdmondson,#RichardRichard,#Bottom,#RichieandEddie,#WearemenofScience,#EdwardHitler,#RikMayall,#Hammersmith
#Bottom,#RikMayall
#Blackadder,#Comedy,#RikMayall
#rikmayall
#BBAU
#bbau
#BBAU
#BBAU
#BBAU,#ANGELA
#BBAU
#BBAU,#BB15
#BBAU
#BBAU
#bbau
#1ofthemillion,#Women,#Renishaw,#Engineering
#1ofthemillion,#WomenInSTEM
#IIT,#1ofTheMillion,#class,#WomenInSTEM,#blackintheivory
#1ofthemillion,#inwed2020
#UK,#STEM,#1ofTheMillion
#1ofthemillion
#1ofthemillion,#STEM,#BristolUniArchive
#WomenInScience,#1ofthemillion,#STEM
#1ofthemillion
#INwx
#INwx
#INwx,#Indy
#13Weather,#INwx
#kywx,#inwx
#INwx
#INwx
#INwx
#INwx
#INwx
#newx,#wywx
#KSwx,#NEwx
#newx
#newx
#newx
#newx
#newx
#NEwx
#newx,#iawx
#ManchesterCity,#Brazil,#Bundesliga,#PremierLeague,#coronaviruskenya,#EnglishNEWS,#Liverpool,#PrimeraIberdrola,#arsenal,#ManchesterUnited,#football,#ChampionshipLeague,#Covid_19,#LaLigaSantander
#lufc,#ChampionshipLeague,#efl
#Bundesliga,#Dortmund,#ligue1conforama,#hakimi,#ChampionshipLeague
#ChampionshipLeague,#Liverpool
#ChampionshipLeague
#PremierLeague,#SoccerAid,#CrystalPalace,#soccer,#football,#ChampionshipLeague
#RobboCop,#RonJeremyMedal,#3Votes,#Headwobble,#ChampionshipLeague
#PremierLeague,#EPL,#ChampionshipLeague,#LeedsUnited
#LaLiga,#ChampionshipLeague
#colleges,#Tech,#Virginia,#Hokies,#athletics
#Hokies
#Hokies
#Hokies
#Hokies
#Hokies
#gotiges
#gotiges
#AFLTigersHawks,#gotiges
#goTiges
#gotiges
#GoTiges,#AFLTigersHawks,#FLASH,#AFL
#GoTiges
#gotiges
#gotiges
#AFL,#gotiges
#Twug
#twug
#loveeternal,#BHLove,#Twug,#lovetheshitoutofyou,#Love2All
#TWUG
#twug
#TWUG
#TWUG
#TWUG
#lovetheshitouttayou,#BhLove,#Twug,#Loveeternal,#Love2all
#FilthyRichHomeless
#FilthyRichHomeless
#filthyrichhomeless
#FilthyRichHomeless
#HYBPA,#FilthyRichHomeless
#FilthyRichHomeless
#FilthyRichHomeless
#HYBPA,#FilthyRichHomeless
#effort,#homelessness,#Homeless,#FilthyRichHomeless
#FilthyRichHomeless,#everybodyshome
#RikMayall
#overseasaid,#ToryBritain,#DFID,#aid,#HumanityFirst,#SaveDFID,#alanbstard,#RikMayall
#Blackadder,#RikMayall
#ToryBritain,#AlanBstard,#RikMayall
#lockdownextended,#bottom,#rikmayall
#badnews,#rikmayall
#AdeEdmondson,#RichardRichard,#Bottom,#RichieandEddie,#WearemenofScience,#EdwardHitler,#RikMayall,#Hammersmith
#Bottom,#RikMayall
#Blackadder,#Comedy,#RikMayall
#rikmayall
#BBAU
#bbau
#BBAU
#BBAU
#BBAU,#ANGELA
#BBAU
#BBAU,#BB15
#BBAU
#BBAU
#bbau
#1ofthemillion,#Women,#Renishaw,#Engineering
#1ofthemillion,#WomenInSTEM
#IIT,#1ofTheMillion,#class,#WomenInSTEM,#blackintheivory
#1ofthemillion,#inwed2020
#UK,#STEM,#1ofTheMillion
#1ofthemillion
#1ofthemillion,#STEM,#BristolUniArchive
#WomenInScience,#1ofthemillion,#STEM
#1ofthemillion
#INwx
#INwx
#INwx,#Indy
#13Weather,#INwx
#kywx,#inwx
#INwx
#INwx
#INwx
#INwx
#INwx
#newx,#wywx
#KSwx,#NEwx
#newx
#newx
#newx
#newx
#newx
#NEwx
#newx,#iawx
#ManchesterCity,#Brazil,#Bundesliga,#PremierLeague,#coronaviruskenya,#EnglishNEWS,#Liverpool,#PrimeraIberdrola,#arsenal,#ManchesterUnited,#football,#ChampionshipLeague,#Covid_19,#LaLigaSantander
#lufc,#ChampionshipLeague,#efl
#Bundesliga,#Dortmund,#ligue1conforama,#hakimi,#ChampionshipLeague
#ChampionshipLeague,#Liverpool
#ChampionshipLeague
#PremierLeague,#SoccerAid,#CrystalPalace,#soccer,#football,#ChampionshipLeague
#RobboCop,#RonJeremyMedal,#3Votes,#Headwobble,#ChampionshipLeague
#PremierLeague,#EPL,#ChampionshipLeague,#LeedsUnited
#LaLiga,#ChampionshipLeague
#colleges,#Tech,#Virginia,#Hokies,#athletics
#Hokies
#Hokies
#Hokies
#Hokies
#Hokies
#gotiges
#gotiges
#AFLTigersHawks,#gotiges
#goTiges
#gotiges
#GoTiges,#AFLTigersHawks,#FLASH,#AFL
#GoTiges
#gotiges
#gotiges
#AFL,#gotiges
#Twug
#twug
#loveeternal,#BHLove,#Twug,#lovetheshitoutofyou,#Love2All
#TWUG
#twug
#TWUG
#TWUG
#TWUG
#lovetheshitouttayou,#BhLove,#Twug,#Loveeternal,#Love2all
#FilthyRichHomeless
#FilthyRichHomeless
#filthyrichhomeless
#FilthyRichHomeless
#HYBPA,#FilthyRichHomeless
#FilthyRichHomeless
#FilthyRichHomeless
#HYBPA,#FilthyRichHomeless
#effort,#homelessness,#Homeless,#FilthyRichHomeless
#FilthyRichHomeless,#everybodyshome
#RikMayall
#overseasaid,#ToryBritain,#DFID,#aid,#HumanityFirst,#SaveDFID,#alanbstard,#RikMayall
#Blackadder,#RikMayall
#ToryBritain,#AlanBstard,#RikMayall
#lockdownextended,#bottom,#rikmayall
#badnews,#rikmayall
#AdeEdmondson,#RichardRichard,#Bottom,#RichieandEddie,#WearemenofScience,#EdwardHitler,#RikMayall,#Hammersmith
#Bottom,#RikMayall
#Blackadder,#Comedy,#RikMayall
#rikmayall
#BBAU
#bbau
#BBAU
#BBAU
#BBAU,#ANGELA
#BBAU
#BBAU,#BB15
#BBAU
#BBAU
#bbau
#1ofthemillion,#Women,#Renishaw,#Engineering
#1ofthemillion,#WomenInSTEM
#IIT,#1ofTheMillion,#class,#WomenInSTEM,#blackintheivory
#1ofthemillion,#inwed2020
#UK,#STEM,#1ofTheMillion
#1ofthemillion
#1ofthemillion,#STEM,#BristolUniArchive
#WomenInScience,#1ofthemillion,#STEM
#1ofthemillion
#INwx
#INwx
#INwx,#Indy
#13Weather,#INwx
#kywx,#inwx
#INwx
#INwx
#INwx
#INwx
#INwx
#newx,#wywx
#KSwx,#NEwx
#newx
#newx
#newx
#newx
#newx
#NEwx
#newx,#iawx
#ManchesterCity,#Brazil,#Bundesliga,#PremierLeague,#coronaviruskenya,#EnglishNEWS,#Liverpool,#PrimeraIberdrola,#arsenal,#ManchesterUnited,#football,#ChampionshipLeague,#Covid_19,#LaLigaSantander
#lufc,#ChampionshipLeague,#efl
#Bundesliga,#Dortmund,#ligue1conforama,#hakimi,#ChampionshipLeague
#ChampionshipLeague,#Liverpool
#ChampionshipLeague
#PremierLeague,#SoccerAid,#CrystalPalace,#soccer,#football,#ChampionshipLeague
#RobboCop,#RonJeremyMedal,#3Votes,#Headwobble,#ChampionshipLeague
#PremierLeague,#EPL,#ChampionshipLeague,#LeedsUnited
#LaLiga,#ChampionshipLeague
#colleges,#Tech,#Virginia,#Hokies,#athletics
#Hokies
#Hokies
#Hokies
#Hokies
#Hokies
#gotiges
#gotiges
#AFLTigersHawks,#gotiges
#goTiges
#gotiges
#GoTiges,#AFLTigersHawks,#FLASH,#AFL
#GoTiges
#gotiges
#gotiges
#AFL,#gotiges
#Twug
#twug
#loveeternal,#BHLove,#Twug,#lovetheshitoutofyou,#Love2All
#TWUG
#twug
#TWUG
#TWUG
#TWUG
#lovetheshitouttayou,#BhLove,#Twug,#Loveeternal,#Love2all
#FilthyRichHomeless
#FilthyRichHomeless
#filthyrichhomeless
#FilthyRichHomeless
#HYBPA,#FilthyRichHomeless
#FilthyRichHomeless
#FilthyRichHomeless
#HYBPA,#FilthyRichHomeless
#effort,#homelessness,#Homeless,#FilthyRichHomeless
#FilthyRichHomeless,#everybodyshome
#RikMayall
#overseasaid,#ToryBritain,#DFID,#aid,#HumanityFirst,#SaveDFID,#alanbstard,#RikMayall
#Blackadder,#RikMayall
#ToryBritain,#AlanBstard,#RikMayall
#lockdownextended,#bottom,#rikmayall
#badnews,#rikmayall
#AdeEdmondson,#RichardRichard,#Bottom,#RichieandEddie,#WearemenofScience,#EdwardHitler,#RikMayall,#Hammersmith
#Bottom,#RikMayall
#Blackadder,#Comedy,#RikMayall
#rikmayall
#BBAU
#bbau
#BBAU
#BBAU
#BBAU,#ANGELA
#BBAU
#BBAU,#BB15
#BBAU
#BBAU
#bbau
